<?xml version="1.0" encoding="UTF-8"?>
<!DOCTYPE mapper PUBLIC "-//mybatis.org//DTD Mapper 3.0//EN" "http://mybatis.org/dtd/mybatis-3-mapper.dtd">
<mapper namespace="com.ishang.mapper.ProductInfoMapper">

    <!--    更新库存-->
    <update id="updateStock">
        UPDATE product_info set product_stock = #{stock} WHERE product_id =#{id}
    </update>

<!--    恢复库存-->
    <update id="recoverStock">
        UPDATE product_info set product_stock = product_stock + #{quantity} where product_id = #{id}
    </update>


    <!--查询商品价格-->
    <select id="findPriceById" resultType="java.math.BigDecimal">
        select product_price from product_info where product_id = #{id}
    </select>

<!--    查询商品库存-->
    <select id="findsubStockById" resultType="java.lang.Integer">
        select product_stock from product_info where product_id = #{id}
    </select>



</mapper>
