<?xml version="1.0" encoding="UTF-8"?>
<!DOCTYPE mapper PUBLIC "-//mybatis.org//DTD Mapper 3.0//EN" "http://mybatis.org/dtd/mybatis-3-mapper.dtd">
<mapper namespace="com.ishang.mapper.OrderDetailMapper">

    <select id="names" resultType="java.lang.String">
        select DISTINCT product_name from order_detail
    </select>

    <select id="dates" resultType="java.lang.String">
        select DISTINCT DATE_FORMAT(create_time,'%Y-%m-%d') as dd from order_detail ORDER BY dd
    </select>



    <select id="barData" resultType="com.ishang.vo.BarResultVO">
        select product_name name,sum(product_quantity) value from order_detail d,order_master m where d.order_id = m.order_id and m.order_status = 1 group by product_id
    </select>
    <select id="basicLineData" resultType="com.ishang.vo.BasicLineResultVO">
        SELECT DATE_FORMAT(d.create_time,'%Y-%m-%d') date,sum(product_quantity) value FROM order_detail d,order_master m WHERE d.order_id = m.order_id and order_status =1 group by DATE_FORMAT(d.create_time,'%Y-%m-%d')
    </select>
    <select id="stackedData" resultType="java.lang.Integer">
    select
    (select
    COALESCE(sum(product_quantity),0) from order_detail
    where DATE_FORMAT(create_time,'%Y-%m-%d')= mm.dd and order_detail.product_id=product_info.product_id) as count
    from product_info ,
    (select DISTINCT DATE_FORMAT(create_time,'%Y-%m-%d') as dd from order_detail )  as mm
    where product_name=#{name} ORDER BY mm.dd
    </select>


</mapper>
