<?xml version="1.0" encoding="UTF-8"?>
<!DOCTYPE mapper PUBLIC "-//mybatis.org//DTD Mapper 3.0//EN" "http://mybatis.org/dtd/mybatis-3-mapper.dtd">
<mapper namespace="com.ishang.mapper.OrderMasterMapper">

    <update id="cancel">
        update order_master set order_status =2 where order_id= #{orderId} and buyer_openid= #{buyerId}
    </update>

    <update id="cancel2">
        update order_master set order_status = 2 where order_id = #{orderId}
    </update>

    <update id="finish">
        update order_master set order_status =1 where order_id= #{orderId}
    </update>
    <update id="pay">
        update order_master set pay_status =1 where order_id= #{orderId} and buyer_openid= #{buyerId}
    </update>
</mapper>
